step,episode_reward
10000.0,80.44648742675781
20000.0,233.755126953125
