step,episode_reward
0.0,108.1734390258789
25000.0,73.9344253540039
50000.0,133.6722869873047
