step,episode_reward
0.0,5.276887893676758
25000.0,5.617653846740723
50000.0,7.384069919586182
