step,episode_reward
0.0,5.276864051818848
25000.0,4.103763580322266
50000.0,15.203557968139648
75000.0,26.739532470703125
100000.0,49.31426239013672
