step,episode_reward
0.0,5.276864051818848
25000.0,4.103763580322266
50000.0,15.203557968139648
