step,episode_reward
0.0,5.278072834014893
25000.0,13.641904830932617
