task,BMPC_mean,BMPC_std,DreamerV3_mean,DreamerV3_std,EZ2_mean,EZ2_std,Ours_mean,Ours_std,SAC_mean,SAC_std,SimbaV2_mean,SimbaV2_std,TDMPC2_mean,TDMPC2_std
acrobot-swingup,203.7808074951172,55.22476322008549,101.26666666666667,22.34285866520516,307.5607532510559,60.73663751627571,480.93797302246094,87.38070753761575,7.7,11.265433857601757,102.70299193239961,56.887438890342864,179.13333333333333,85.26490094601257
cartpole-swingup-sparse,269.94000244140625,329.8640200500883,315.2666666666667,191.28053568864067,662.95,159.16973644509187,41.29999923706055,25.880107112468316,0.3666666666666667,0.6350852961085884,557.66,318.9379845675331,0.3333333333333333,0.5773502691896258
cheetah-run,506.0050292968751,81.23034609458756,335.73333333333335,62.97065454109027,659.1806555096911,22.51306065843886,824.6985778808594,64.64368985172977,310.1333333333333,65.3242935923025,601.5173914778769,87.72786099425821,519.1333333333333,83.80986417679802
finger-spin,943.5400146484375,28.796478341288054,328.2666666666667,58.561278446882746,753.4666666666667,62.63947104927798,988.7999877929688,1.4142135623730951,762.4,16.52180377561725,744.88,170.0853961984979,947.5,34.161820794565394
finger-turn-hard,215.22000427246093,149.93802097601375,189.83333333333334,92.97232563151968,239.73333333333335,76.98677375584286,976.5,12.020815280171307,61.699999999999996,45.63682723415378,533.24,192.06424185672876,483.6333333333334,96.9505200261109
hopper-hop,58.469820535182954,63.13736733946488,9.666666666666666,16.65663031148057,152.14299761052789,106.26863455936156,591.8209838867188,44.88850572697472,0.0,0.0,176.3570469261178,111.63861450310974,13.633333333333333,12.753953635376497
pendulum-swingup,794.7400146484375,26.406208743117716,699.3000000000001,209.93170317986753,827.7,,836.5,28.42565807700091,96.03333333333335,94.11271610857554,825.9799999999999,25.231072113566608,723.9666666666667,146.89337402801166
quadruped-walk,342.58282165527345,84.20308295032356,45.93333333333334,27.89432439284618,873.660969811623,16.886293457475762,964.2544555664062,0.04384890684115798,55.23333333333333,33.663085618126765,906.1014540319317,42.930516245046775,486.8333333333333,311.934133004603
reacher-hard,648.7199951171875,282.0444462731865,813.3333333333334,46.967258098949415,759.65,131.87541469129113,921.8999938964844,67.74082100599668,161.26666666666668,187.67472747637953,890.4200000000001,80.90297893155727,414.23333333333335,137.49913939124613
