task,BMPC_mean,BMPC_std,DreamerV3_mean,DreamerV3_std,Ours_mean,Ours_std,SAC_mean,SAC_std,SimbaV2_mean,SimbaV2_std,TDMPC2_mean,TDMPC2_std
dog-run,35.071149063110354,23.776773174931208,0.0,,148.46904754638672,15.056866547226653,8.333333333333334,2.478574859336174,106.16459091616711,9.891767839385693,26.600000000000005,16.725728683677733
dog-walk,67.94175033569336,15.96901392875459,9.0,,377.0249786376953,12.615343445713012,12.6,3.2908965343808667,231.67117939823964,51.01767541411421,34.63333333333333,14.812269688786163
h1-slide-v0,24.76582908630371,,,,58.3139533996582,,,,39.378460590010285,4.098051211528569,,
h1-walk-v0,9.36062240600586,,,,9.433819770812988,,,,45.610422477868326,7.245281027370502,,
humanoid-walk,1.1368546962738038,0.07782827667270999,0.6,,2.127233147621155,0.506782304452086,1.0999999999999999,0.26457513110645897,31.514266077285917,65.80003168623608,1.4666666666666668,0.11547005383792526
