step,episode_reward
10000.0,33.876136779785156
20000.0,242.79052734375
