step,episode_reward
0.0,1.01868736743927
10000.0,0.03718618303537369
20000.0,759.4124755859375
