step,episode_reward
0.0,1.01868736743927
10000.0,552.5291748046875
20000.0,820.1359252929688
30000.0,859.1613159179688
40000.0,259.542236328125
50000.0,0.25413185358047485
