step,episode_reward
0.0,108.28465270996094
25000.0,28.82892417907715
