task,Ours_mean,Ours_std,Ours_step,SimbaV2_mean,SimbaV2_std,SimbaV2_step
H1 Balance Simple,69.72108459472656,,200073.0,135.4076483876455,27.70354898027684,200000.0
H1 Slide,226.1512451171875,,200143.0,103.81693219249111,29.261030969143523,200000.0
H1 Walk,216.58987426757812,,200172.0,104.31025018151237,21.186007698637887,200000.0
