step,reward,seed,ucb,lcb
0,31.920000076293945,0,43.677817952296614,20.162182200291277
100000,996.4800048828125,0,1005.0362815327773,987.9237282328478
200000,1000.0,0,1000.0,1000.0
300000,1000.0,0,1000.0,1000.0
400000,1000.0,0,1000.0,1000.0
500000,984.1800048828125,0,1023.4662416603546,944.8937681052703
600000,1000.0,0,1000.0,1000.0
700000,1000.0,0,1000.0,1000.0
800000,1000.0,0,1000.0,1000.0
900000,1000.0,0,1000.0,1000.0
1000000,1000.0,0,1000.0,1000.0
