step,episode_reward
0.0,7.002138614654541
10000.0,4.946356296539307
20000.0,5.143920421600342
