step,episode_reward
0.0,108.24825286865234
25000.0,40.87333679199219
